Hour,Forecasts
1,7926.977011
2,7511.954196
3,7274.852116
4,7163.909301
5,7265.38705
6,7727.652738
7,8508.909123
8,9957.425621
9,10203.59601
10,10428.12524
11,10675.73201
12,10832.63121
13,10920.9171
14,11067.25198
15,11397.83105
16,11771.12554
17,12148.16013
18,11941.09121
19,11503.29073
20,11538.67187
21,11332.31183
22,10799.62266
23,9949.597415
24,9048.51245
