Hour,Forecasts
1,8647.83
2,8162.099667
3,7712.838333
4,7356.715333
5,7130.596667
6,7114.845333
7,7273.259
8,7561.172
9,7985.516333
10,8457.587
11,8888.962667
12,9163.982667
13,9253.309
14,9239.062667
15,9189.345333
16,9147.776333
17,9133.480667
18,9141.595
19,9253.014
20,9425.014
21,9366.387667
22,9217.999667
23,8931.829
24,8618.33
